mior;mior11@gmail.com;12345
haziq;haziq22@gmail.com;67890
qasthal;qasthal33@gmail.com;11223
syamil;syamil1@gmail.com;syamil1
amri;amri4@gmail.com;amri4
haikal;haikal5@gmail.com;haikal5
